"last_name, first_name","player_id","year","pa","bip","ba","est_ba","est_ba_minus_ba_diff","slg","est_slg","est_slg_minus_slg_diff","woba","est_woba","est_woba_minus_woba_diff"
"Burger, Jake","669394","2024","579","389",0.25,0.256,-0.006000000000000005,0.46,0.476,-0.01599999999999996,0.325,0.338,-0.013000000000000012
"Sánchez, Jesús","660821","2024","537","352",0.252,0.264,-0.01200000000000001,0.417,0.468,-0.051000000000000045,0.317,0.343,-0.026000000000000023
"Lopez, Otto","672640","2024","434","332",0.27,0.274,-0.0040000000000000036,0.377,0.394,-0.017000000000000015,0.302,0.313,-0.01100000000000001